{
	"class_name" : "PinholeCameraParameters",
	"extrinsic" : 
	[
		0.31125543990770299,
		-0.91231501371467494,
		0.26608526242288366,
		0.0,
		0.86539254561791545,
		0.15639885542611173,
		-0.47606211780643348,
		0.0,
		0.39270318704691798,
		0.37844512650078443,
		0.83819060667070155,
		0.0,
		-0.16706076614842491,
		-0.1376666799848234,
		7.4843288965297132,
		1.0
	],
	"intrinsic" : 
	{
		"height" : 749,
		"intrinsic_matrix" : 
		[
			648.65302743454458,
			0.0,
			0.0,
			0.0,
			648.65302743454458,
			0.0,
			684.5,
			374.0,
			1.0
		],
		"width" : 1370
	},
	"version_major" : 1,
	"version_minor" : 0
}