{
	"class_name" : "PinholeCameraParameters",
	"extrinsic" : 
	[
		-0.8568323429550706,
		-0.2998300200648602,
		0.41945237528714707,
		0.0,
		-0.069116293529881745,
		-0.73939446071936821,
		-0.66971543914277942,
		0.0,
		0.51094155637882444,
		-0.60282484232604427,
		0.61281394847030402,
		0.0,
		-920.26919006821538,
		1255.6991148041084,
		-640.70849330448482,
		1.0
	],
	"intrinsic" : 
	{
		"height" : 749,
		"intrinsic_matrix" : 
		[
			648.65302743454458,
			0.0,
			0.0,
			0.0,
			648.65302743454458,
			0.0,
			684.5,
			374.0,
			1.0
		],
		"width" : 1370
	},
	"version_major" : 1,
	"version_minor" : 0
}